date,campaign_id,impressions,clicks,spend,conversions,revenue
2026-01-08,1,11532,167,135.11,4,272.79
2026-01-09,1,13199,180,140.61,6,303.67
2026-01-10,1,8923,135,122.76,5,285.65
2026-01-11,1,7846,121,97.19,4,229.43
2026-01-12,1,8277,124,119.93,4,219.01
2026-01-13,1,9971,152,140.0,6,332.97
2026-01-14,1,6418,104,97.22,2,131.28
2026-01-15,1,8150,123,100.92,4,262.45
2026-01-16,1,9673,146,126.08,5,281.27
2026-01-17,1,9679,151,122.87,5,272.1
2026-01-18,1,10164,159,138.45,5,296.4
2026-01-19,1,9643,144,124.67,4,193.61
2026-01-20,1,9942,140,119.31,5,331.0
2026-01-21,1,10905,151,135.91,3,188.52
2026-01-22,1,10201,140,120.73,5,272.13
2026-01-23,1,7197,108,99.09,2,105.12
2026-01-24,1,7080,118,117.57,3,130.6
2026-01-25,1,9900,145,134.1,5,298.17
2026-01-26,1,8535,133,126.5,4,269.49
2026-01-27,1,9269,150,119.62,4,270.41
2026-01-28,1,9902,162,138.05,5,313.97
2026-01-29,1,10151,155,139.92,5,233.3
2026-01-30,1,7183,100,96.68,2,101.94
2026-01-31,1,8951,134,132.94,4,200.86
2026-02-01,1,9128,135,101.83,5,277.7
2026-02-02,1,8836,130,116.81,5,261.13
2026-02-03,1,8423,139,105.38,4,214.7
2026-02-04,1,9796,141,132.23,6,334.94
2026-02-05,1,11495,158,133.7,3,155.92
2026-02-06,1,8119,133,116.42,4,193.98
2026-02-07,1,9962,152,119.88,5,272.53
2026-02-08,1,9180,130,101.77,4,190.45
2026-02-09,1,12692,185,141.78,5,323.06
2026-02-10,1,11062,171,128.18,4,227.96
2026-02-11,1,8762,126,121.84,4,188.59
2026-02-12,1,8089,120,110.15,3,202.53
2026-02-13,1,9045,129,104.22,5,292.89
2026-02-14,1,9393,132,120.32,4,193.69
2026-02-15,1,8133,113,99.02,4,166.7
2026-02-16,1,6225,101,100.63,3,200.98
2026-02-17,1,9737,143,112.81,5,333.4
2026-02-18,1,7874,119,111.17,4,240.51
2026-02-19,1,12293,170,137.34,4,204.19
2026-02-20,1,9107,151,131.3,5,338.01
2026-02-21,1,9833,140,134.39,3,168.48
2026-02-22,1,9329,134,112.44,3,133.51
2026-02-23,1,7824,114,102.03,4,228.59
2026-02-24,1,8088,128,113.09,4,178.77
2026-02-25,1,10869,150,122.06,5,241.31
2026-02-26,1,6560,103,103.09,3,149.72
2026-02-27,1,12102,170,141.32,5,338.43
2026-02-28,1,8965,131,120.67,5,296.71
2026-03-01,1,8549,129,96.55,5,324.79
2026-03-02,1,12084,185,140.51,7,333.51
2026-03-03,1,9527,152,135.79,4,225.37
2026-03-04,1,10228,151,118.76,4,181.92
2026-03-05,1,13107,185,138.9,6,378.74
2026-03-06,1,8446,130,126.68,5,307.93
2026-03-07,1,9056,144,143.94,5,284.99
2026-03-08,1,11654,160,141.87,5,227.98
2026-03-09,1,8651,124,120.42,4,169.57
2026-03-10,1,9883,159,124.45,4,204.29
2026-03-11,1,10633,152,142.69,3,163.35
2026-03-12,1,10732,149,116.29,5,229.75
2026-03-13,1,8600,128,120.78,3,166.24
2026-03-14,1,10144,169,138.35,5,235.98
2026-03-15,1,7710,125,103.4,5,326.42
2026-03-16,1,10097,148,130.88,5,331.31
2026-03-17,1,8525,120,101.81,4,229.38
2026-03-18,1,7768,127,99.96,4,247.86
2026-03-19,1,7943,119,106.85,3,183.47
2026-03-20,1,9727,156,137.15,6,361.21
2026-03-21,1,9426,144,112.73,5,227.48
2026-03-22,1,9995,162,131.67,4,200.2
2026-03-23,1,9724,157,136.38,5,339.93
2026-03-24,1,8180,128,122.94,4,167.39
2026-03-25,1,10383,161,130.39,5,331.17
2026-03-26,1,12540,182,136.67,6,305.61
2026-03-27,1,10309,148,111.86,3,144.55
2026-03-28,1,8977,137,112.03,5,328.51
2026-03-29,1,7111,113,112.26,2,97.28
2026-03-30,1,6873,104,96.85,3,130.27
2026-03-31,1,9203,153,129.24,4,189.13
2026-04-01,1,8905,143,118.25,4,243.3
2026-04-02,1,9461,154,128.69,4,185.38
2026-04-03,1,12952,177,131.24,6,303.81
2026-04-04,1,8623,136,112.68,5,211.3
2026-04-05,1,8494,120,119.52,3,140.15
2026-04-06,1,9211,141,109.13,4,210.19
2026-04-07,1,8533,124,99.1,4,197.85
2026-04-08,1,8149,122,119.16,4,199.97
2026-04-09,1,8708,119,112.3,5,241.65
2026-04-10,1,12317,184,141.48,6,348.04
2026-04-11,1,7723,123,106.31,4,221.5
2026-04-12,1,10461,146,134.0,4,257.46
2026-04-13,1,9784,150,111.64,5,227.15
2026-04-14,1,11433,164,122.46,4,237.27
2026-04-15,1,7376,122,98.93,4,184.69
2026-04-16,1,8353,129,108.84,4,170.9
2026-04-17,1,7540,110,104.91,3,126.14
2026-04-18,1,8068,120,106.6,3,136.54
2026-04-19,1,8414,139,111.58,3,172.1
2026-04-20,1,10592,167,129.82,6,279.07
2026-04-21,1,10195,155,135.19,6,284.57
2026-04-22,1,9503,153,142.46,6,317.32
2026-04-23,1,12468,171,137.1,6,403.91
2026-04-24,1,9282,129,125.12,5,217.09
2026-04-25,1,9812,158,130.31,4,185.82
2026-04-26,1,11477,190,141.5,7,464.63
2026-04-27,1,9535,147,133.89,3,196.91
2026-04-28,1,9832,159,136.34,6,407.5
2026-02-02,2,4821,71,58.94,1,50.22
2026-02-03,2,4431,67,54.12,0,0.0
2026-02-04,2,3948,62,60.73,0,0.0
2026-02-05,2,5472,84,70.14,1,53.82
2026-02-06,2,4246,59,59.49,1,43.78
2026-02-07,2,4815,66,60.83,1,57.8
2026-02-08,2,4900,68,50.87,1,54.2
2026-02-09,2,5052,73,55.73,1,64.58
2026-02-10,2,4620,68,58.05,1,57.43
2026-02-11,2,4335,72,62.17,1,42.19
2026-02-12,2,3919,62,59.17,1,53.12
2026-02-13,2,4489,66,65.65,0,0.0
2026-02-14,2,3721,61,56.84,1,44.3
2026-02-15,2,4443,68,50.54,1,48.47
2026-02-16,2,5700,79,67.21,1,66.32
2026-02-17,2,4878,69,53.25,0,0.0
2026-02-18,2,4748,65,48.85,1,55.43
2026-02-19,2,6770,94,70.42,1,67.95
2026-02-20,2,3434,50,49.13,1,58.24
2026-02-21,2,3961,65,49.05,1,56.3
2026-02-22,2,4728,71,60.4,1,56.01
2026-02-23,2,3852,64,59.14,1,59.81
2026-02-24,2,3777,56,52.28,1,48.92
2026-02-25,2,4102,67,63.51,0,0.0
2026-02-26,2,6475,92,70.57,1,60.32
2026-02-27,2,4728,71,64.48,1,51.69
2026-02-28,2,5443,83,71.18,1,51.04
2026-03-01,2,5424,79,65.82,1,47.98
2026-03-02,2,4696,68,55.29,1,55.86
2026-03-03,2,5515,79,71.34,1,47.92
2026-03-04,2,5379,79,59.32,1,44.36
2026-03-05,2,3977,62,51.05,1,53.47
2026-03-06,2,3969,58,55.09,0,0.0
2026-03-07,2,4750,78,67.97,1,62.41
2026-03-08,2,5321,84,65.47,1,49.4
2026-03-09,2,3953,58,55.52,1,60.47
2026-03-10,2,5361,82,65.1,1,45.81
2026-03-11,2,3877,57,50.44,1,58.2
2026-03-12,2,4741,65,55.27,1,66.61
2026-03-13,2,3811,63,53.82,1,45.92
2026-03-14,2,4615,70,58.33,1,42.88
2026-03-15,2,3805,56,55.37,1,52.64
2026-03-16,2,5840,87,71.62,1,49.1
2026-03-17,2,5673,85,63.96,1,51.96
2026-03-18,2,4009,61,53.29,0,0.0
2026-03-19,2,5203,80,67.21,1,42.05
2026-03-20,2,3821,56,53.67,0,0.0
2026-03-21,2,3239,53,52.55,1,44.64
2026-03-22,2,5566,76,62.44,1,50.08
2026-03-23,2,4322,71,69.54,1,58.5
2026-03-24,2,3687,52,50.39,1,54.61
2026-03-25,2,4200,65,62.27,1,64.76
2026-03-26,2,4801,68,50.39,0,0.0
2026-03-27,2,5418,74,64.46,1,54.33
2026-03-28,2,5823,89,65.93,1,60.85
2026-03-29,2,4462,69,60.58,0,0.0
2026-03-30,2,5160,73,66.99,1,51.28
2026-03-31,2,5133,75,66.06,1,50.03
2026-04-01,2,5708,89,68.59,1,46.24
2026-04-02,2,3951,58,58.06,1,61.56
2026-04-03,2,5287,73,68.86,1,51.09
2026-04-04,2,5132,80,60.41,1,66.48
2026-04-05,2,4432,69,62.42,1,59.43
2026-04-06,2,4366,66,57.74,1,51.5
2026-04-07,2,5387,78,67.77,1,51.1
2026-04-08,2,4850,75,66.26,1,51.15
2026-04-09,2,5077,71,59.18,0,0.0
2026-04-10,2,3555,56,50.79,0,0.0
2026-04-11,2,3112,51,48.05,0,0.0
2026-04-12,2,5155,84,71.06,1,58.23
2026-04-13,2,3737,57,54.94,0,0.0
2026-04-14,2,4614,68,67.06,1,45.02
2026-04-15,2,5127,85,71.28,1,66.61
2026-04-16,2,5204,79,61.36,1,45.36
2026-04-17,2,5286,85,63.35,1,53.72
2026-04-18,2,5204,79,61.78,1,49.15
2026-04-19,2,5587,85,66.74,1,55.66
2026-04-20,2,3999,57,51.62,1,44.08
2026-04-21,2,3912,60,59.19,0,0.0
2026-04-22,2,4404,70,64.08,1,56.07
2026-04-23,2,4151,60,50.67,1,62.81
2026-04-24,2,3637,54,51.3,1,57.42
2026-04-25,2,4418,63,59.3,1,66.26
2026-04-26,2,4786,75,62.29,1,68.45
2026-02-08,3,2837,87,112.57,6,398.83
2026-02-09,3,2357,70,103.29,6,281.79
2026-02-10,3,2661,80,101.93,4,197.85
2026-02-11,3,3466,104,142.63,9,478.92
2026-02-12,3,3364,99,138.05,4,187.23
2026-02-13,3,2435,82,126.05,7,420.23
2026-02-14,3,2470,87,121.95,7,383.52
2026-02-15,3,2651,93,128.89,7,327.61
2026-02-16,3,3077,98,141.01,8,497.89
2026-02-17,3,3205,97,126.55,6,256.13
2026-02-18,3,2851,85,124.72,6,398.54
2026-02-19,3,3186,107,137.38,7,328.71
2026-02-20,3,3143,97,143.34,5,278.78
2026-02-21,3,2485,75,112.85,5,302.66
2026-02-22,3,2188,71,110.47,5,265.72
2026-02-23,3,2008,66,100.29,4,230.65
2026-02-24,3,3095,104,132.85,6,368.2
2026-02-25,3,3079,102,134.75,6,291.72
2026-02-26,3,2023,62,99.8,4,209.69
2026-02-27,3,2416,81,136.4,7,344.61
2026-02-28,3,1966,59,100.41,5,317.55
2026-03-01,3,3194,102,132.52,8,356.33
2026-03-02,3,2220,78,128.92,7,351.44
2026-03-03,3,2362,80,123.7,6,359.62
2026-03-04,3,2923,98,139.7,7,388.42
2026-03-05,3,3160,96,130.46,5,260.93
2026-03-06,3,2623,82,104.61,5,207.3
2026-03-07,3,2456,73,122.84,7,349.1
2026-03-08,3,1706,60,102.29,3,160.35
2026-03-09,3,2324,73,98.44,5,211.58
2026-03-10,3,2195,73,117.74,7,422.32
2026-03-11,3,2398,78,129.33,6,395.69
2026-03-12,3,2005,70,110.67,4,221.29
2026-03-13,3,2522,84,141.48,7,290.09
2026-03-14,3,2008,65,104.0,3,131.88
2026-03-15,3,2736,86,139.6,8,549.62
2026-03-16,3,2244,69,116.1,5,324.81
2026-03-17,3,2086,69,117.56,5,286.63
2026-03-18,3,2607,78,125.71,4,185.93
2026-03-19,3,3088,90,119.58,7,369.5
2026-03-20,3,2520,87,113.65,6,346.34
2026-03-21,3,3729,110,139.92,8,404.98
2026-03-22,3,2363,83,108.47,5,318.42
2026-03-23,3,2279,69,100.63,4,254.49
2026-03-24,3,2429,77,123.93,4,215.07
2026-03-25,3,3367,104,143.27,6,381.87
2026-03-26,3,2919,88,131.97,7,293.53
2026-03-27,3,3083,90,127.64,4,243.65
2026-03-28,3,2181,75,102.44,4,179.96
2026-03-29,3,2017,65,103.83,6,360.15
2026-03-30,3,2584,91,124.51,4,178.21
2026-03-31,3,3190,101,143.32,5,222.82
2026-04-01,3,2388,83,139.68,5,253.4
2026-04-02,3,2492,74,104.55,5,342.01
2026-04-03,3,3049,92,118.59,8,337.23
2026-04-04,3,2443,73,120.55,5,219.15
2026-04-05,3,2251,79,121.37,4,188.46
2026-04-06,3,2698,85,115.42,6,290.42
2026-04-07,3,2019,66,102.07,4,172.23
2026-04-08,3,2915,101,137.71,8,341.62
2026-04-09,3,2492,80,105.3,4,261.35
2026-04-10,3,2687,93,118.78,7,332.34
2026-04-11,3,2268,75,126.23,5,282.72
2026-04-12,3,2636,80,115.51,5,259.45
2026-04-13,3,2580,76,98.01,4,182.21
2026-04-14,3,2099,69,113.02,6,335.24
2026-04-15,3,2427,73,102.59,6,295.17
2026-04-16,3,2722,94,123.24,5,307.64
2026-04-17,3,2053,62,99.16,5,224.23
2026-04-18,3,2157,65,104.4,4,206.53
2026-04-19,3,3041,92,119.47,6,295.2
2026-04-20,3,1810,62,96.57,5,250.94
2026-04-21,3,2693,82,128.61,5,215.94
2026-04-22,3,3103,92,129.85,7,337.86
2026-04-23,3,2383,84,126.37,7,378.65
2026-04-24,3,2187,67,106.75,5,245.39
2026-04-25,3,2509,89,114.92,6,291.22
2026-04-26,3,2048,66,106.56,5,229.17
2026-04-27,3,2391,83,122.1,6,313.71
2026-04-28,3,2294,72,108.22,6,287.77
2026-04-29,3,2141,68,104.57,5,319.88
2026-04-30,3,2336,83,114.67,5,335.96
2026-05-01,3,2250,75,112.99,4,184.24
2026-05-02,3,3106,98,127.75,6,343.32
2026-05-03,3,2600,82,121.57,4,243.98
2026-05-04,3,2064,73,119.89,5,274.97
2026-05-05,3,2464,75,128.12,7,291.15
2026-05-06,3,2980,93,119.68,7,316.62
2026-05-07,3,2343,80,125.65,6,363.32
2026-05-08,3,2925,98,131.25,6,324.56
2026-05-09,3,2585,78,117.07,5,234.81
2026-05-10,3,2438,79,116.73,6,262.63
2026-05-11,3,2980,89,113.87,7,373.85
2026-05-12,3,3211,105,133.92,6,275.92
2026-05-13,3,2437,86,121.53,5,223.75
2026-05-14,3,2396,78,116.74,5,229.13
2026-05-15,3,2490,85,136.09,7,397.59
2026-05-16,3,2740,90,131.68,4,178.97
2026-05-17,3,2731,94,131.96,5,229.78
2026-05-18,3,2344,74,114.49,5,302.15
2026-05-19,3,2126,69,106.42,5,329.21
2026-05-20,3,2109,63,108.42,3,202.18
2026-05-21,3,2195,65,109.78,4,234.73
2026-05-22,3,2742,81,109.65,4,243.35
2026-05-23,3,2710,86,111.53,8,506.51
2026-05-24,3,2279,74,99.07,4,225.96
2026-05-25,3,3257,104,135.99,9,576.38
2026-05-26,3,3167,103,133.36,10,429.62
2026-05-27,3,3232,97,123.63,7,469.47
2026-05-28,3,1898,66,110.81,4,246.66
2026-05-29,3,2230,77,107.87,4,203.62
2026-05-30,3,3044,91,123.43,6,403.83
2026-05-31,3,2971,95,136.41,8,392.36
2026-06-01,3,2259,79,124.98,5,292.35
2026-06-02,3,2216,70,106.34,5,342.99
2026-06-03,3,2552,75,116.04,4,194.21
2026-06-04,3,2414,76,130.5,7,429.79
2026-06-05,3,2366,78,113.73,5,225.19
2026-06-06,3,2321,77,111.74,7,389.0
2026-06-07,3,3095,104,142.82,8,377.62
2026-06-08,3,2424,79,119.75,7,413.6
2026-06-09,3,2541,88,126.97,6,259.79
2026-06-10,3,3287,97,125.38,6,292.68
2026-06-11,3,2522,78,117.65,6,314.19
2026-06-12,3,2554,85,123.22,7,303.2
2026-06-13,3,2330,70,116.69,5,212.56
2026-06-14,3,3016,94,139.78,7,476.44
2026-06-15,3,2476,74,105.04,5,261.68
2026-06-16,3,2974,91,132.47,8,426.42
2026-06-17,3,2355,69,101.42,4,197.57
2026-06-18,3,2192,64,104.19,6,385.36
2026-06-19,3,2536,74,122.3,7,319.0
2026-06-20,3,2664,81,113.63,7,300.99
2026-06-21,3,2559,82,119.34,5,338.53
2026-06-22,3,2578,81,133.12,5,253.69
2026-06-23,3,2255,80,119.53,5,246.33
2026-06-24,3,3070,94,121.4,7,424.44
2026-06-25,3,2450,86,129.61,6,303.42
2026-06-26,3,2261,76,99.34,5,215.53
2026-06-27,3,2749,81,117.73,6,382.93
2026-06-28,3,1748,61,102.67,4,171.01
2026-06-29,3,2548,90,132.81,6,328.62
2026-06-30,3,2872,95,120.32,6,261.92
2026-01-27,4,2412,79,101.33,5,290.3
2026-01-28,4,3049,104,131.5,4,260.94
2026-01-29,4,2776,81,109.47,3,133.6
2026-01-30,4,2246,70,111.57,3,163.4
2026-01-31,4,2943,98,134.47,3,139.87
2026-02-01,4,2168,66,106.75,2,134.29
2026-02-02,4,3335,107,139.05,4,214.24
2026-02-03,4,2313,82,108.09,4,250.72
2026-02-04,4,2254,75,109.38,4,256.3
2026-02-05,4,3141,107,141.91,5,276.63
2026-02-06,4,2933,102,132.64,4,201.73
2026-02-07,4,3075,91,118.78,3,201.51
2026-02-08,4,2285,71,114.35,3,180.93
2026-02-09,4,2507,77,103.18,4,262.84
2026-02-10,4,2379,72,99.75,4,264.53
2026-02-11,4,3119,99,125.96,4,232.34
2026-02-12,4,1915,67,98.85,4,224.3
2026-02-13,4,2762,87,133.2,4,175.27
2026-02-14,4,2645,93,135.27,5,268.55
2026-02-15,4,2449,73,110.98,4,184.64
2026-02-16,4,2479,79,104.14,4,267.89
2026-02-17,4,2088,69,104.16,4,229.72
2026-02-18,4,2187,66,104.22,2,101.23
2026-02-19,4,2786,99,134.89,4,178.99
2026-02-20,4,2632,89,134.88,4,191.22
2026-02-21,4,2223,74,108.65,3,198.1
2026-02-22,4,2810,86,111.34,3,184.45
2026-02-23,4,3301,97,137.01,5,310.53
2026-02-24,4,2245,70,105.3,4,166.22
2026-02-25,4,2378,71,107.82,4,219.35
2026-02-26,4,2584,79,132.57,3,177.02
2026-02-27,4,2516,78,106.45,4,191.23
2026-02-28,4,3289,101,134.72,5,301.28
2026-03-01,4,2671,86,117.8,3,127.71
2026-03-02,4,2173,70,114.44,3,146.66
2026-03-03,4,1979,67,103.63,3,145.76
2026-03-04,4,2109,65,101.73,3,146.48
2026-03-05,4,2691,79,128.63,3,197.57
2026-03-06,4,2554,82,115.01,3,178.28
2026-03-07,4,2966,105,134.66,5,218.33
2026-03-08,4,3275,104,140.89,5,236.4
2026-03-09,4,2066,73,103.57,4,231.31
2026-03-10,4,1937,64,106.74,2,103.88
2026-03-11,4,2421,72,101.72,4,194.5
2026-03-12,4,2474,79,117.55,4,238.23
2026-03-13,4,2941,95,140.33,5,331.12
2026-03-14,4,2587,86,138.34,4,242.32
2026-03-15,4,2082,66,98.08,4,246.99
2026-03-16,4,2122,71,109.34,3,175.96
2026-03-17,4,2858,87,118.01,4,240.44
2026-03-18,4,2706,82,105.08,4,267.14
2026-03-19,4,2330,70,101.79,3,138.92
2026-03-20,4,2066,64,98.51,4,177.32
2026-03-21,4,2066,64,106.41,3,182.12
2026-03-22,4,2581,80,109.79,5,217.82
2026-03-23,4,2395,79,107.08,4,269.39
2026-03-24,4,2724,85,128.89,4,200.81
2026-03-25,4,2487,86,117.11,4,268.96
2026-03-26,4,2162,74,102.7,3,173.0
2026-03-27,4,2186,71,106.0,4,172.98
2026-03-28,4,2697,82,114.13,3,170.58
2026-03-29,4,2060,69,100.77,4,230.68
2026-03-30,4,3262,105,134.89,5,270.62
2026-03-31,4,2781,96,125.32,4,166.15
2026-04-01,4,2145,65,108.18,2,133.76
2026-04-02,4,2126,73,97.45,4,268.65
2026-04-03,4,2931,92,142.55,5,325.3
2026-04-04,4,2606,86,110.27,3,163.19
2026-04-05,4,3015,98,141.03,4,230.38
2026-04-06,4,2105,67,98.23,3,191.56
2026-04-07,4,2527,89,130.78,5,285.31
2026-04-08,4,2785,91,129.27,6,311.76
2026-04-09,4,2105,73,104.66,3,161.04
2026-04-10,4,3058,102,138.73,5,322.21
2026-04-11,4,2983,90,122.25,5,250.58
2026-04-12,4,2421,80,102.38,3,142.89
2026-04-13,4,2728,86,111.71,4,186.6
2026-04-14,4,1977,64,105.97,4,224.89
2026-04-15,4,2839,93,124.78,6,364.09
2026-04-16,4,2435,72,116.9,3,143.21
2026-04-17,4,2146,69,111.61,3,126.47
2026-04-18,4,2395,75,98.11,4,245.38
2026-04-19,4,2794,93,140.24,4,168.98
2026-04-20,4,1931,68,99.54,4,232.29
2026-04-21,4,2376,78,130.75,3,195.93
2026-04-22,4,2160,73,119.97,4,256.84
2026-04-23,4,2669,83,121.61,5,243.02
2026-04-24,4,2956,87,137.1,3,169.4
2026-04-25,4,2686,80,108.61,3,194.31
2026-04-26,4,1718,59,97.53,2,120.73
2026-04-27,4,2236,77,114.41,3,151.41
2026-04-28,4,2692,91,123.1,4,273.32
2026-04-29,4,2312,70,97.02,2,107.03
2026-04-30,4,2370,77,99.07,4,174.83
2026-05-01,4,2570,89,127.94,4,237.47
2026-05-02,4,2500,85,136.78,5,294.75
2026-05-03,4,2668,83,120.32,4,251.99
2026-05-04,4,2698,85,135.62,4,271.19
2026-05-05,4,2139,67,104.14,4,274.02
2026-05-06,4,2877,87,138.07,4,216.92
2026-05-07,4,2461,78,100.98,4,251.56
2026-05-08,4,2858,87,117.62,4,178.38
2026-05-09,4,2669,91,125.35,5,225.96
2026-05-10,4,2404,73,101.67,4,218.5
2026-05-11,4,2173,73,102.72,3,157.53
2026-05-12,4,2679,80,104.8,2,119.8
2026-05-13,4,3504,104,141.9,6,294.32
2026-05-14,4,2597,80,112.72,4,201.34
2026-05-15,4,2178,73,98.58,2,123.61
2026-05-16,4,2911,97,124.4,5,334.81
2026-05-17,4,2042,71,99.08,3,191.44
2026-05-18,4,2516,76,118.98,4,260.45
2026-05-19,4,3019,101,136.72,6,333.92
2026-05-20,4,2600,86,112.52,5,220.54
2026-05-21,4,2379,82,124.09,3,156.73
2026-05-22,4,1880,64,109.15,2,98.22
2026-05-23,4,2269,73,113.46,3,142.81
2026-05-24,4,2201,68,111.82,4,274.43
2026-05-25,4,2200,73,96.94,3,124.73
2026-05-26,4,2604,76,129.11,2,109.84
2026-05-27,4,2961,105,137.51,4,178.62
2026-05-28,4,2355,72,118.48,4,196.18
2026-05-29,4,2497,82,137.92,4,174.69
2026-05-30,4,2221,65,105.06,2,91.03
2026-05-31,4,2212,69,108.85,2,100.65
2026-06-01,4,1891,62,105.91,2,94.26
2026-06-02,4,3265,96,135.82,4,241.58
2026-06-03,4,2618,84,115.99,4,215.51
2026-06-04,4,2372,70,109.18,3,191.24
2026-06-05,4,2899,87,142.49,5,256.49
2026-06-06,4,2577,91,128.75,5,334.46
2026-06-07,4,2064,70,109.9,2,107.1
2026-06-08,4,2379,77,112.48,5,315.83
2026-06-09,4,2151,73,113.28,2,97.45
2026-06-10,4,2285,78,129.64,3,162.59
2026-06-11,4,2085,62,100.81,3,151.81
2026-06-12,4,3137,98,137.27,3,194.82
2026-06-13,4,2218,72,109.79,3,202.53
2026-06-14,4,2868,88,112.17,3,154.57
2026-06-15,4,2958,90,116.56,4,202.31
2026-06-16,4,2082,69,112.2,2,94.75
2026-06-17,4,2743,85,127.19,4,222.05
2026-06-18,4,2114,68,110.94,3,168.65
2026-06-19,4,2577,89,137.93,4,204.92
2026-02-01,5,16784,191,81.68,1,65.18
2026-02-02,5,16019,204,81.48,1,60.48
2026-02-03,5,17600,223,95.36,1,54.61
2026-02-04,5,22329,287,115.93,1,48.62
2026-02-05,5,16581,213,101.16,1,59.8
2026-02-06,5,17263,191,85.48,1,55.36
2026-02-07,5,20436,262,104.7,1,47.15
2026-02-08,5,14883,173,82.1,0,0.0
2026-02-09,5,15275,189,85.55,1,52.56
2026-02-10,5,14129,178,86.45,1,64.1
2026-02-11,5,19126,215,88.74,1,57.23
2026-02-12,5,21346,246,106.98,1,62.47
2026-02-13,5,18278,242,96.77,1,57.5
2026-02-14,5,20179,254,114.26,1,61.44
2026-02-15,5,18235,206,95.53,1,61.17
2026-02-16,5,24087,277,116.66,1,66.28
2026-02-17,5,17699,224,110.64,1,48.07
2026-02-18,5,19684,241,111.89,1,56.21
2026-02-19,5,13622,177,81.94,0,0.0
2026-02-20,5,15975,196,92.44,1,55.21
2026-02-21,5,19566,216,109.18,1,54.4
2026-02-22,5,16321,217,111.05,1,48.71
2026-02-23,5,15622,178,81.09,0,0.0
2026-02-24,5,16449,183,81.14,1,49.77
2026-02-25,5,17742,222,92.99,1,51.88
2026-02-26,5,22540,247,99.43,1,63.7
2026-02-27,5,17075,204,100.38,1,60.27
2026-02-28,5,17491,222,107.68,1,49.49
2026-03-01,5,15631,204,105.14,1,51.41
2026-03-02,5,15828,204,90.95,1,42.33
2026-03-03,5,18172,214,96.83,0,0.0
2026-03-04,5,17090,206,84.32,1,58.86
2026-03-05,5,22261,267,114.45,2,126.78
2026-03-06,5,19383,223,98.97,1,68.14
2026-03-07,5,23746,261,105.58,1,61.62
2026-03-08,5,12829,155,81.06,1,57.75
2026-03-09,5,15147,201,103.43,1,57.78
2026-03-10,5,17726,220,102.18,1,60.35
2026-03-11,5,13782,176,83.29,1,45.14
2026-03-12,5,17845,212,100.89,1,66.12
2026-03-13,5,16733,196,90.81,1,61.01
2026-03-14,5,20976,231,117.53,0,0.0
2026-03-15,5,21769,279,109.69,1,51.26
2026-03-16,5,21858,247,119.37,1,57.53
2026-03-17,5,17980,216,88.5,1,48.56
2026-03-18,5,14056,161,84.55,1,43.53
2026-03-19,5,15234,171,85.85,1,45.94
2026-03-20,5,22922,274,119.42,1,58.84
2026-03-21,5,17520,222,101.22,1,61.15
2026-03-22,5,14445,180,81.48,1,68.09
2026-03-23,5,23963,265,104.46,1,46.05
2026-03-24,5,18870,223,112.53,0,0.0
2026-03-25,5,15464,204,81.59,1,67.63
2026-03-26,5,19259,251,113.56,1,46.7
2026-03-27,5,17590,209,90.69,0,0.0
2026-03-28,5,19912,264,107.03,1,43.06
2026-03-29,5,18707,231,98.05,0,0.0
2026-03-30,5,15526,176,88.38,0,0.0
2026-03-31,5,16380,214,97.03,1,63.75
2026-04-01,5,19865,226,110.16,1,58.04
2026-04-02,5,15954,210,94.99,1,51.89
2026-04-03,5,13184,172,83.73,0,0.0
2026-04-04,5,20767,240,116.64,1,42.06
2026-04-05,5,25977,289,118.4,1,61.36
2026-04-06,5,19257,213,105.82,0,0.0
2026-04-07,5,14399,165,80.13,1,43.85
2026-04-08,5,20428,224,118.56,1,44.25
2026-04-09,5,18158,210,103.43,1,62.8
2026-04-10,5,17813,228,93.66,1,46.93
2026-04-11,5,19779,218,109.55,1,49.51
2026-04-12,5,22494,253,118.6,1,45.1
2026-04-13,5,20046,238,114.57,1,41.75
2026-04-14,5,22107,275,115.09,1,46.49
2026-04-15,5,19848,246,102.9,1,42.48
2026-04-16,5,17082,216,101.83,1,57.27
2026-04-17,5,15024,196,81.09,0,0.0
2026-04-18,5,19751,218,92.41,1,58.86
2026-04-19,5,16385,205,95.53,1,65.73
2026-04-20,5,16197,204,83.61,1,43.42
2026-04-21,5,23134,256,119.65,1,55.05
2026-04-22,5,17223,218,108.24,1,61.9
2026-04-23,5,20175,262,115.67,1,58.87
2026-04-24,5,17412,194,97.22,1,67.73
2026-04-25,5,17296,216,94.08,1,57.77
2026-04-26,5,18341,223,99.39,1,41.54
2026-04-27,5,18538,234,102.04,1,49.32
2026-04-28,5,17405,190,90.15,1,41.48
2026-04-29,5,20670,228,114.82,2,123.49
2026-04-30,5,14569,164,84.31,1,42.84
2026-05-01,5,22525,272,109.66,1,66.29
2026-05-02,5,20567,226,95.36,1,61.12
2026-05-03,5,19170,224,102.29,1,62.69
2026-05-04,5,20414,250,113.66,2,130.85
2026-05-05,5,15718,191,86.36,1,57.14
2026-05-06,5,14541,181,84.95,1,48.89
2026-05-07,5,19212,224,95.74,1,48.91
2026-05-08,5,19949,259,116.58,1,62.92
2026-05-09,5,16699,219,93.96,1,47.63
2026-05-10,5,16247,198,94.99,0,0.0
2026-05-11,5,14244,181,86.97,1,57.42
2026-05-12,5,25160,283,115.47,1,50.98
2026-05-13,5,17863,230,99.46,2,86.0
2026-05-14,5,23002,255,118.84,1,62.59
2026-05-15,5,19820,226,108.01,1,62.83
2026-05-16,5,17551,219,101.1,1,62.18
2026-05-17,5,23068,263,110.46,1,46.75
2026-05-18,5,14794,185,92.37,0,0.0
2026-05-19,5,18526,210,84.26,1,43.96
2026-05-20,5,21905,254,110.05,1,45.44
2026-05-21,5,20221,225,117.88,1,64.84
2026-05-22,5,26126,287,118.76,1,43.64
2026-05-23,5,15737,199,100.74,1,67.72
2026-05-24,5,22886,268,114.5,1,62.34
2026-05-25,5,14736,180,91.75,1,55.11
2026-05-26,5,18554,209,86.98,1,62.74
2026-05-27,5,19692,242,110.07,1,45.79
2026-05-28,5,18234,218,103.69,1,61.06
2026-05-29,5,14267,190,82.61,1,54.74
2026-05-30,5,17290,209,106.78,1,49.61
2026-05-31,5,20748,230,94.77,1,48.36
2026-06-01,5,18190,233,94.82,1,67.02
2026-06-02,5,23886,290,113.86,1,66.8
2026-06-03,5,14802,188,82.21,1,46.72
2026-06-04,5,20001,224,113.96,0,0.0
2026-06-05,5,16834,207,100.49,1,61.24
2026-06-06,5,18203,215,102.8,1,60.14
2026-06-07,5,20655,245,99.2,1,59.21
2026-06-08,5,21820,282,114.98,1,42.24
2026-06-09,5,16691,198,86.16,1,55.67
2026-06-10,5,13083,171,82.18,0,0.0
2026-06-11,5,18897,228,100.01,1,65.13
2026-06-12,5,14203,157,82.6,1,59.33
2026-06-13,5,15050,179,84.95,1,52.48
2026-06-14,5,23224,270,108.52,2,119.57
2026-06-15,5,14320,185,82.72,1,60.62
2026-06-16,5,18058,229,96.86,1,50.42
2026-06-17,5,16322,193,102.17,1,43.38
2026-06-18,5,15882,202,81.83,1,57.93
2026-06-19,5,20155,236,119.43,2,113.31
2026-06-20,5,21987,267,109.34,1,47.34
2026-06-21,5,19924,246,115.37,1,54.29
2026-06-22,5,15400,180,85.94,1,45.36
2026-06-23,5,23150,261,117.2,2,85.37
2026-06-24,5,19582,245,98.55,1,50.71
2026-06-25,5,15770,202,90.93,1,51.11
2026-06-26,5,13018,166,81.54,0,0.0
2026-01-16,6,19190,254,128.23,1,62.37
2026-01-17,6,27147,313,126.16,3,131.31
2026-01-18,6,23688,311,123.79,2,99.87
2026-01-19,6,16315,214,96.63,1,50.44
2026-01-20,6,25621,294,129.77,3,170.92
2026-01-21,6,18929,220,103.88,2,125.95
2026-01-22,6,17917,228,101.68,1,55.97
2026-01-23,6,25987,316,124.06,2,112.43
2026-01-24,6,22020,274,138.45,2,106.69
2026-01-25,6,19388,240,104.76,1,63.25
2026-01-26,6,28025,309,128.61,2,123.04
2026-01-27,6,20375,251,108.53,2,97.86
2026-01-28,6,25037,280,131.18,1,54.69
2026-01-29,6,23831,295,117.7,2,120.06
2026-01-30,6,22215,285,129.37,2,126.46
2026-01-31,6,24085,311,123.29,3,196.65
2026-02-01,6,20978,239,101.62,2,108.44
2026-02-02,6,28101,337,134.98,2,92.92
2026-02-03,6,24860,277,129.93,2,121.56
2026-02-04,6,22626,265,113.13,1,44.8
2026-02-05,6,28635,318,143.37,3,157.22
2026-02-06,6,26286,329,139.43,3,188.13
2026-02-07,6,19563,256,116.79,2,109.93
2026-02-08,6,21543,242,97.07,2,129.03
2026-02-09,6,26194,301,124.28,3,160.18
2026-02-10,6,20178,249,114.19,2,117.42
2026-02-11,6,15274,189,97.26,2,123.07
2026-02-12,6,22372,291,122.78,1,60.58
2026-02-13,6,20659,270,118.36,2,89.29
2026-02-14,6,18358,239,97.93,2,122.55
2026-02-15,6,20145,221,115.08,1,46.72
2026-02-16,6,21750,285,136.21,2,91.15
2026-02-17,6,20580,260,105.21,2,110.97
2026-02-18,6,24963,313,143.28,3,169.3
2026-02-19,6,22054,286,142.42,2,107.37
2026-02-20,6,18468,234,105.86,1,66.91
2026-02-21,6,16418,206,99.66,2,102.69
2026-02-22,6,23841,300,120.8,2,109.13
2026-02-23,6,20912,256,120.69,3,127.48
2026-02-24,6,18161,205,98.26,1,59.78
2026-02-25,6,24040,283,130.78,2,108.44
2026-02-26,6,24058,263,111.32,2,127.17
2026-02-27,6,23009,281,138.99,2,100.65
2026-02-28,6,22756,277,118.79,2,99.62
2026-03-01,6,16733,201,104.19,2,130.45
2026-03-02,6,24424,315,124.81,3,161.3
2026-03-03,6,21174,257,116.82,2,130.76
2026-03-04,6,17041,219,106.35,2,117.44
2026-03-05,6,23312,284,143.86,1,46.62
2026-03-06,6,18814,248,111.82,2,110.1
2026-03-07,6,22653,301,120.69,1,43.47
2026-03-08,6,25364,279,140.91,2,123.46
2026-03-09,6,17291,205,107.9,1,51.92
2026-03-10,6,16219,200,102.48,1,63.43
2026-03-11,6,21250,273,130.52,3,169.39
2026-03-12,6,22989,289,115.2,2,97.58
2026-03-13,6,15581,190,97.77,1,63.07
2026-03-14,6,23960,292,129.31,2,122.97
2026-03-15,6,17540,211,100.21,2,122.33
2026-03-16,6,27980,346,143.42,2,103.27
2026-03-17,6,26172,320,139.78,3,176.58
2026-03-18,6,32524,361,142.64,2,83.15
2026-03-19,6,26875,308,141.31,3,144.95
2026-03-20,6,15880,197,98.76,1,53.72
2026-03-21,6,19284,253,128.75,2,127.97
2026-03-22,6,20119,226,96.36,2,92.77
2026-03-23,6,19953,230,103.03,2,95.47
2026-03-24,6,17296,197,102.3,2,118.13
2026-03-25,6,22411,296,143.7,2,135.72
2026-03-26,6,18352,236,124.19,2,97.74
2026-03-27,6,20209,223,97.04,2,132.73
2026-01-06,7,4952,29,87.5,1,62.35
2026-01-07,7,3343,22,78.68,0,0.0
2026-01-08,7,4401,25,81.5,0,0.0
2026-01-09,7,3827,21,65.59,0,0.0
2026-01-10,7,3499,20,68.99,1,65.56
2026-01-11,7,4289,25,90.17,0,0.0
2026-01-12,7,5094,28,91.86,1,61.74
2026-01-13,7,3165,19,71.55,0,0.0
2026-01-14,7,3116,20,72.07,0,0.0
2026-01-15,7,4364,26,87.74,0,0.0
2026-01-16,7,4478,29,84.03,1,54.91
2026-01-17,7,4033,23,74.32,0,0.0
2026-01-18,7,5291,31,95.36,1,59.23
2026-01-19,7,4058,24,78.52,0,0.0
2026-01-20,7,3924,25,74.96,0,0.0
2026-01-21,7,4882,28,85.82,0,0.0
2026-01-22,7,4506,27,93.15,1,50.33
2026-01-23,7,3563,22,75.67,1,54.09
2026-01-24,7,4021,22,65.38,0,0.0
2026-01-25,7,4916,31,87.1,1,61.96
2026-01-26,7,3454,23,73.58,0,0.0
2026-01-27,7,3134,18,65.74,0,0.0
2026-01-28,7,3295,21,69.01,0,0.0
2026-01-29,7,3907,23,78.34,0,0.0
2026-01-30,7,3076,19,67.74,1,65.77
2026-01-31,7,4233,26,90.34,0,0.0
2026-02-01,7,3173,19,67.36,0,0.0
2026-02-02,7,4487,27,81.78,0,0.0
2026-02-03,7,5191,30,89.24,0,0.0
2026-02-04,7,3798,25,92.65,1,44.64
2026-02-05,7,3684,23,73.08,1,60.52
2026-02-06,7,4505,25,77.57,1,63.23
2026-02-07,7,4581,30,91.35,1,45.44
2026-02-08,7,4002,25,82.38,0,0.0
2026-02-09,7,4306,24,84.64,0,0.0
2026-02-10,7,4088,26,80.57,0,0.0
2026-02-11,7,4095,25,75.8,1,59.12
2026-02-12,7,3987,25,77.52,1,60.93
2026-02-13,7,3946,23,69.98,0,0.0
2026-02-14,7,4776,28,84.78,0,0.0
2026-02-15,7,3844,21,69.07,0,0.0
2026-02-16,7,4193,26,85.37,0,0.0
2026-02-17,7,5101,28,79.83,0,0.0
2026-02-18,7,4567,30,87.25,0,0.0
2026-02-19,7,5141,30,87.06,1,51.42
2026-02-20,7,3418,21,74.87,0,0.0
2026-02-21,7,3752,21,74.51,1,51.33
2026-02-22,7,3420,22,73.41,0,0.0
2026-02-23,7,4253,27,95.05,0,0.0
2026-02-24,7,3879,25,82.55,1,58.72
2026-02-25,7,4701,29,95.52,0,0.0
2026-02-26,7,5115,29,88.63,0,0.0
2026-02-27,7,4849,31,94.85,0,0.0
2026-02-28,7,3795,25,95.1,1,58.65
2026-03-01,7,4187,26,82.16,0,0.0
2026-03-02,7,3242,21,68.72,0,0.0
2026-03-03,7,3053,19,72.65,0,0.0
2026-03-04,7,4044,25,88.72,0,0.0
2026-03-05,7,3536,20,74.34,0,0.0
2026-03-06,7,3986,23,69.49,0,0.0
2026-03-07,7,3209,21,65.82,0,0.0
2026-03-08,7,4896,27,78.85,0,0.0
2026-03-09,7,4318,26,91.18,0,0.0
2026-03-10,7,4616,26,79.31,0,0.0
2026-03-11,7,3586,22,75.2,0,0.0
2026-03-12,7,3081,20,73.39,0,0.0
2026-03-13,7,3659,23,70.97,0,0.0
2026-03-14,7,3789,21,68.92,0,0.0
2026-03-15,7,4099,24,68.56,0,0.0
2026-03-16,7,3340,22,68.25,0,0.0
2026-03-17,7,4676,27,82.22,0,0.0
2026-03-18,7,3784,21,75.39,1,41.26
2026-03-19,7,5056,29,89.05,1,58.99
2026-03-20,7,3457,23,79.23,0,0.0
2026-03-21,7,2786,17,66.49,0,0.0
2026-03-22,7,3494,22,70.52,0,0.0
2026-03-23,7,4241,26,74.88,1,53.0
2026-03-24,7,5378,31,91.89,0,0.0
2026-03-25,7,4472,28,84.01,0,0.0
2026-03-26,7,3358,20,76.31,0,0.0
2026-03-27,7,3557,23,84.68,1,59.62
2026-03-28,7,3473,22,84.45,0,0.0
2026-03-29,7,4029,23,75.42,1,55.91
2026-03-30,7,3618,23,83.47,1,46.78
2026-03-31,7,3581,22,64.07,1,60.35
2026-01-07,8,2702,40,39.71,1,43.77
2026-01-08,8,3757,57,47.92,1,50.79
2026-01-09,8,3521,58,43.54,1,56.05
2026-01-10,8,3311,48,44.0,1,56.34
2026-01-11,8,2739,39,37.41,0,0.0
2026-01-12,8,3347,49,45.74,2,128.01
2026-01-13,8,2692,39,39.22,1,57.93
2026-01-14,8,2732,43,33.8,1,43.17
2026-01-15,8,4005,56,42.36,1,56.14
2026-01-16,8,2983,43,32.98,1,53.5
2026-01-17,8,3074,46,43.29,1,54.4
2026-01-18,8,2161,36,34.6,1,55.0
2026-01-19,8,3663,52,42.92,1,55.17
2026-01-20,8,3134,48,38.86,1,52.94
2026-01-21,8,2543,38,36.66,0,0.0
2026-01-22,8,2180,33,32.26,0,0.0
2026-01-23,8,2987,42,33.4,0,0.0
2026-01-24,8,3435,53,39.98,1,55.23
2026-01-25,8,4270,61,47.33,1,48.32
2026-01-26,8,3344,49,43.89,1,61.66
2026-01-27,8,2237,36,36.63,0,0.0
2026-01-28,8,3316,46,45.67,0,0.0
2026-01-29,8,2780,39,34.35,0,0.0
2026-01-30,8,3593,53,46.17,1,62.81
2026-01-31,8,3140,47,37.15,0,0.0
2026-02-01,8,4397,62,47.44,0,0.0
2026-02-02,8,3512,50,41.41,2,118.43
2026-02-03,8,3011,47,35.57,1,53.15
2026-02-04,8,4192,59,45.19,1,44.97
2026-02-05,8,3356,48,37.97,1,67.35
2026-02-06,8,3289,52,44.95,1,44.34
2026-02-07,8,3037,46,40.18,0,0.0
2026-02-08,8,2753,45,40.74,1,65.95
2026-02-09,8,3574,49,43.09,1,68.61
2026-02-10,8,3647,50,39.88,1,65.79
2026-02-11,8,2864,46,44.23,1,55.33
2026-02-12,8,3001,48,38.2,1,52.17
2026-02-13,8,2912,43,34.34,1,45.63
2026-02-14,8,3283,46,45.39,1,65.79
2026-02-15,8,2932,40,35.19,1,45.57
2026-02-16,8,3718,53,43.48,1,52.96
2026-02-17,8,2598,38,37.74,0,0.0
2026-02-18,8,2448,36,32.82,1,65.95
2026-02-19,8,2857,42,40.48,1,52.93
2026-02-20,8,3518,49,41.95,1,68.63
2026-02-21,8,4086,61,47.43,2,129.91
2026-02-22,8,2624,36,35.61,0,0.0
2026-02-23,8,3462,57,44.09,1,49.52
2026-02-24,8,2478,40,35.96,1,44.16
2026-02-25,8,3347,50,46.89,1,47.26
2026-02-26,8,2763,41,39.75,0,0.0
2026-02-27,8,3029,50,38.24,1,65.3
2026-02-28,8,2529,42,38.9,1,62.61
2026-03-01,8,3208,49,37.24,1,63.36
2026-03-02,8,2781,42,34.03,0,0.0
2026-03-03,8,3099,47,40.36,1,53.04
2026-03-04,8,2725,41,40.08,1,50.41
2026-03-05,8,2393,38,34.89,1,48.95
2026-03-06,8,2591,43,39.17,1,44.0
2026-03-07,8,2849,46,34.9,1,64.01
2026-03-08,8,3830,60,44.94,1,55.05
2026-03-09,8,2735,40,32.35,1,46.05
2026-03-10,8,2769,38,37.09,0,0.0
2026-03-11,8,3633,51,38.15,1,56.77
2026-03-12,8,2356,39,35.12,1,68.41
2026-03-13,8,3230,49,46.87,1,46.46
2026-03-14,8,3103,51,40.46,1,44.79
2026-03-15,8,2544,39,35.49,0,0.0
2026-03-16,8,3085,44,41.56,0,0.0
2026-03-17,8,2715,38,32.57,1,61.49
2026-03-18,8,3442,51,45.16,1,53.07
2026-03-19,8,2996,46,42.05,1,61.27
2026-03-20,8,2721,45,44.69,1,62.9
2026-03-21,8,2595,40,33.87,1,62.59
2026-03-22,8,3967,58,47.58,1,58.67
2026-03-23,8,3050,49,39.42,1,61.3
2026-03-24,8,2879,45,45.09,1,58.67
2026-03-25,8,2910,48,37.52,1,50.99
2026-03-26,8,2941,42,41.87,1,50.66
2026-03-27,8,2754,43,36.38,1,50.29
2026-03-28,8,3349,46,34.97,1,50.5
2026-03-29,8,2533,39,33.96,0,0.0
2026-03-30,8,2427,35,32.33,0,0.0
2026-03-31,8,2620,41,40.71,1,47.32
2026-04-01,8,3218,50,47.6,1,44.53
2026-04-02,8,3133,48,37.45,1,51.62
2026-04-03,8,2620,38,35.46,1,45.01
2026-04-04,8,3503,49,40.01,2,124.54
2026-04-05,8,3312,53,45.74,1,42.09
2026-04-06,8,3011,43,41.79,1,41.48
2026-04-07,8,4463,61,45.18,0,0.0
2026-04-08,8,2624,39,37.55,0,0.0
2026-04-09,8,3643,53,43.63,1,47.06
2026-04-10,8,4599,63,47.22,1,49.92
2026-04-11,8,3537,57,45.76,0,0.0
2026-04-12,8,2670,39,37.89,1,53.55
2026-04-13,8,2390,39,37.58,1,50.95
2026-04-14,8,3040,46,41.24,1,61.06
2026-04-15,8,3431,48,47.04,1,48.61
2026-04-16,8,2927,40,36.26,1,59.05
2026-04-17,8,3525,55,45.63,1,55.59
2026-04-18,8,2056,33,32.47,1,62.77
2026-04-19,8,3123,45,37.65,1,52.76
2026-04-20,8,3139,49,46.11,1,53.62
2026-04-21,8,2397,38,38.11,1,42.75
2026-04-22,8,2925,46,40.67,1,46.69
2026-04-23,8,4212,63,47.36,1,68.68
2026-04-24,8,3674,56,46.08,1,50.26
2026-04-25,8,3631,59,44.51,1,62.13
2026-04-26,8,2962,48,38.17,1,50.47
2026-04-27,8,3864,53,42.85,1,48.44
2026-04-28,8,2258,36,32.83,0,0.0
2026-04-29,8,3017,44,33.24,1,53.82
2026-04-30,8,3772,59,44.67,1,43.79
2026-05-01,8,2887,47,45.59,1,58.74
2026-05-02,8,3434,52,44.64,1,55.32
2026-05-03,8,2791,43,33.62,1,52.27
2026-05-04,8,3381,51,46.64,0,0.0
2026-05-05,8,3402,54,43.83,2,129.93
2026-05-06,8,2860,46,43.55,1,42.07
2026-05-07,8,2815,45,38.95,1,63.1
2026-05-08,8,2450,37,34.78,1,50.57
2026-05-09,8,3019,42,33.44,0,0.0
2026-05-10,8,2785,43,40.3,0,0.0
2026-05-11,8,2252,36,32.95,0,0.0
2026-05-12,8,3060,47,41.76,2,82.99
2026-05-13,8,2943,44,38.35,1,59.67
2026-05-14,8,3705,60,44.74,1,59.85
